ref_chn	ref_res_no	ref_res	mdl_chn	mdl_res_no	mdl_res	lddt
A	373	D	A	1	D	0.663
A	374	V	A	2	V	0.737
A	375	D	A	3	D	0.588
A	376	V	A	4	V	0.744
A	377	Y	A	5	Y	0.741
A	378	F	A	6	F	0.554
A	379	E	A	7	E	0.461
A	380	T	A	8	T	0.672
A	381	S	A	9	S	0.675
A	382	A	A	10	A	0.707
A	383	D	A	11	D	0.876
A	384	D	A	12	D	0.899
A	385	N	A	13	N	0.838
A	386	E	A	14	E	0.836
A	387	H	A	15	H	0.818
A	388	A	A	16	A	0.91
A	389	R	A	17	R	0.85
A	390	F	A	18	F	0.837
A	391	Q	A	19	Q	0.823
A	392	K	A	20	K	0.876
A	393	A	A	21	A	0.91
A	394	K	A	22	K	0.783
A	395	E	A	23	E	0.838
A	396	Q	A	24	Q	0.902
A	397	L	A	25	L	0.756
A	398	E	A	26	E	0.86
A	399	I	A	27	I	0.905
A	400	R	A	28	R	0.721
A	401	H	A	29	H	0.75
A	402	R	A	30	R	0.839
A	403	N	A	31	N	0.879
A	404	R	A	32	R	0.549
A	405	M	A	33	M	0.701
A	406	D	A	34	D	0.871
A	407	R	A	35	R	0.578
A	408	V	A	36	V	0.604
A	409	K	A	37	K	0.665
A	410	K	A	38	K	0.767
A	411	E	A	39	E	0.596
A	412	W	A	40	W	0.423
A	413	E	A	41	E	0.631
A	414	E	A	42	E	0.648
A	415	A	A	43	A	0.605
A	416	E	A	44	E	0.502
A	417	L	A	45	L	0.718
A	418	Q	A	46	Q	0.556
A	419	A	A	47	A	0.567
A	420	K	A	48	K	0.643
A	421	N	A	49	N	0.565
A	422	L	A	50	L	0.442
A	423	P	A	51	P	0.381
A	424	K	A	52	K	0.548
A	425	A	A	53	A	0.378
A	426	E	A	54	E	0.328
A	427	R	A	55	R	0.538
A	428	Q	A	56	Q	0.428
A	429	T	A	57	T	0.338
A	430	L	A	58	L	0.481
A	431	I	A	59	I	0.575
A	432	Q	A	60	Q	0.39
A	433	H	A	61	H	0.302
A	434	F	A	62	F	0.469
A	435	Q	A	63	Q	0.551
A	436	A	A	64	A	0.449
A	437	M	A	65	M	0.437
A	438	V	A	66	V	0.602
A	439	K	A	67	K	0.436
A	440	A	A	68	A	0.485
A	441	L	A	69	L	0.542
A	442	E	A	70	E	0.637
A	443	K	A	71	K	0.433
A	444	E	A	72	E	0.513
A	445	A	A	73	A	0.651
A	446	A	A	74	A	0.606
A	447	S	A	75	S	0.518
A	448	E	A	76	E	0.563
A	449	K	A	77	K	0.636
A	450	Q	A	78	Q	0.48
A	451	Q	A	79	Q	0.453
A	452	L	A	80	L	0.676
A	453	V	A	81	V	0.689
A	454	E	A	82	E	0.49
A	455	T	A	83	T	0.566
A	456	H	A	84	H	0.763
A	457	L	A	85	L	0.71
A	458	A	A	86	A	0.57
A	459	R	A	87	R	0.637
A	460	V	A	88	V	0.771
A	461	E	A	89	E	0.565
A	462	A	A	90	A	0.617
A	463	M	A	91	M	0.685
A	464	L	A	92	L	0.806
A	465	N	A	93	N	0.676
A	466	D	A	94	D	0.643
A	467	R	A	95	R	0.723
A	468	R	A	96	R	0.745
A	469	R	A	97	R	0.587
A	470	M	A	98	M	0.801
A	471	A	A	99	A	0.885
A	472	L	A	100	L	0.832
A	473	E	A	101	E	0.831
A	474	N	A	102	N	0.853
A	475	Y	A	103	Y	0.909
A	476	L	A	104	L	0.917
A	477	A	A	105	A	0.923
A	478	A	A	106	A	0.917
A	479	L	A	107	L	0.879
A	480	Q	A	108	Q	0.873
A	481	S	A	109	S	0.884
A	482	D	A	110	D	0.83
A	483	P	A	111	P	0.859
A	484	P	A	112	P	0.52
A	485	R	A	113	R	0.844
A	486	P	A	114	P	0.901
A	487	H	A	115	H	0.732
A	488	R	A	116	R	0.737
A	489	I	A	117	I	0.916
A	490	L	A	118	L	0.907
A	491	Q	A	119	Q	0.8
A	492	A	A	120	A	0.906
A	493	L	A	121	L	0.884
A	494	R	A	122	R	0.886
A	495	R	A	123	R	0.754
A	496	Y	A	124	Y	0.84
A	497	V	A	125	V	0.864
A	498	R	A	126	R	0.746
A	499	A	A	127	A	0.867
A	500	E	A	128	E	0.821
A	501	N	A	129	N	0.847
A	502	K	A	130	K	0.752
A	503	D	A	131	D	0.829
A	504	R	A	132	R	0.828
A	505	L	A	133	L	0.824
A	506	H	A	134	H	0.786
A	507	T	A	135	T	0.856
A	508	I	A	136	I	0.895
A	509	R	A	137	R	0.742
A	510	H	A	138	H	0.797
A	511	Y	A	139	Y	0.887
A	512	Q	A	140	Q	0.899
A	513	H	A	141	H	0.685
A	514	V	A	142	V	0.829
A	515	L	A	143	L	0.916
A	516	A	A	144	A	0.881
A	517	V	A	145	V	0.81
A	518	D	A	146	D	0.781
A	519	P	A	147	P	0.921
A	520	E	A	148	E	0.812
A	521	K	A	149	K	0.679
A	522	A	A	150	A	0.864
A	523	A	A	151	A	0.913
A	524	Q	A	152	Q	0.715
A	525	M	A	153	M	0.72
A	526	K	A	154	K	0.837
A	527	S	A	155	S	0.824
A	528	Q	A	156	Q	0.647
A	529	V	A	157	V	0.838
A	530	M	A	158	M	0.86
A	531	T	A	159	T	0.758
A	532	H	A	160	H	0.753
A	533	L	A	161	L	0.876
A	534	H	A	162	H	0.863
A	535	V	A	163	V	0.76
A	536	I	A	164	I	0.832
A	537	E	A	165	E	0.763
A	538	E	A	166	E	0.772
A	539	R	A	167	R	0.803
A	540	R	A	168	R	0.742
A	541	N	A	169	N	0.906
A	542	Q	A	170	Q	0.778
A	543	S	A	171	S	0.922
A	544	L	A	172	L	0.917
A	545	S	A	173	S	0.919
A	546	L	A	174	L	0.894
A	547	L	A	175	L	0.79
A	548	Y	A	176	Y	0.713
A	549	K	A	177	K	0.783
A	550	V	A	178	V	0.898
A	551	P	A	179	P	0.853
A	552	Y	A	180	Y	0.335
A	553	V	A	181	V	0.882
A	554	A	A	182	A	0.904
A	555	Q	A	183	Q	0.854
A	556	E	A	184	E	0.799
A	557	I	A	185	I	0.846
A	558	Q	A	186	Q	0.81
A	559	E	A	187	E	0.788
A	560	E	A	188	E	0.865
A	561	I	A	189	I	0.88
A	562	D	A	190	D	0.861
A	563	E	A	191	E	0.689
A	564	L	A	192	L	0.766
A	565	L	A	193	L	0.742
A	566	Q	A	194	Q	0.613
A	567	E	A	195	E	0.566
A	568	Q	A	196	Q	0.511
A	569	R	A	197	R	0.557